Country,Year,Rainfall_mm,GDP_Billion_USD,Population,Temperature_C,Agricultural_Expansion_km2,Forest_Loss_Area_km2,Tree_Cover_Loss_percent
Mexico,2017,1449.0017784396073,223.7311632695396,719971499,15.5492503463588,11168.508559397824,7392.230714038956,14.839407838794731
Indonesia,2019,821.2080044870883,1810.3867632504298,1256293688,19.264510852872252,1749.825696936534,12556.144244885356,29.54774655884404
India,2016,2296.6386398708123,1202.8446935401603,921460312,20.905205500115745,35330.72333989464,16911.793344535356,12.047134617815619
India,2020,2162.387182004034,1790.3706188347176,840388965,27.2785053920364,34720.14764992939,6761.307972109542,13.220406623097412
Mexico,2020,2487.5090081224666,955.9932014239362,11808014,29.877870023168747,1583.4552248477025,723.6164421812448,4.721396058707349
Indonesia,2018,632.2278772176983,1441.2958870049656,698982963,21.09664787652992,8657.170876300845,7696.20702584292,36.51957324820771
Brazil,2016,2150.8811462451063,1536.9997674571978,984393567,29.625597006535138,7371.836444572179,14042.381332876808,0.5927652923809145
Indonesia,2020,946.9498506301186,997.7007545154028,1195119882,26.995124915485462,17376.49293473522,8788.328888274322,29.75923398220965
Congo,2011,2170.782140670821,566.2341100883606,551173538,16.905018743182662,8072.641927881362,1186.6721597673545,8.612192517688404
Congo,2010,,1293.4456934454124,1007432750,29.669819406224846,21674.653307612556,12535.22691313707,39.72981312281581
Brazil,2017,782.2653243015488,587.4698677718872,758307476,32.769059568438976,36271.216178590934,17625.81667986726,26.56184346693626
Mexico,2016,1910.0091586286064,1556.9407731764388,155285283,21.238690617584083,40630.607254493196,1399.1501370603019,17.34672094057024
Brazil,2018,2927.2884079100645,107.69889151467069,851828208,15.642369701990116,41906.988908204425,15648.454084965642,31.58573677652107
Mexico,2015,1458.5901308940815,1107.9194762429927,1023675065,15.02041885866497,12151.765910064227,1926.7451692829673,11.903382953113127
Brazil,2014,2261.1478321126706,966.0124633299376,1109073327,34.88128693810715,24722.21678764345,19220.11752033133,30.57600871361648
India,2013,1337.4048202424617,1466.3656684356802,353134354,20.147191926470562,41570.05519086791,16356.541264906133,38.916605887720124
Congo,2010,1645.6450895486753,1607.481645609245,102739058,24.179111956347874,45585.59412302213,19657.99431196446,28.134563316974774
India,2017,2848.1862089632914,1804.736884311122,347259473,21.266660283957382,36228.49493731455,19988.454562436364,26.506780240015228
Mexico,2022,679.2201344894797,432.9838059185875,345113535,15.792254577986245,23969.149650021543,9544.54704434629,13.918804783737881
Mexico,2022,1636.080412819202,1737.715598631333,45074127,29.25431630201608,8204.299536060036,12924.821502616203,30.50093899352152
Brazil,2014,537.9126683123343,1575.0380432974312,1222177951,33.208868023348685,39572.540831877945,4677.228009272224,20.136383927486992
Brazil,2010,,1220.8257563513146,138646321,25.219899178059077,14350.413738830395,16917.34520635953,16.72760492721834
Brazil,2018,2307.3951227569196,1572.2257880365132,115129673,30.252979141929018,8338.639688946932,5836.883826665492,25.568695074628696
India,2020,,555.2111129810809,869554761,30.072835085685746,9212.80911698535,2027.9901006710484,17.17624194297689
Brazil,2015,1366.140058348296,1850.1955933488728,1393747846,33.73069527340061,35029.63218899751,5364.034086029072,27.876943568855946
Congo,2021,2289.061919869523,1952.017886179865,307478514,30.350782072593816,46069.69957743632,13496.930112889579,7.050454054247783
Brazil,2010,2580.851301916725,849.48339812116,1257782684,33.56452548857155,6796.513257480417,18264.664333855908,7.092174996644904
Indonesia,2022,2790.185918016604,686.8152792341241,392194913,24.241274200318678,49005.63412554375,19363.95416652032,39.39948383845192
Mexico,2017,1225.646482247038,1119.0623745983105,205257643,21.715657076784627,38622.453028072945,3286.17138494695,36.229035108773886
Indonesia,2021,2530.757082611215,206.0615778138694,34605757,31.277763508820534,17533.444308185546,4253.197774913049,5.8830809740988315
India,2020,1312.0473075040252,1418.294653265625,974634518,19.72483224814563,3380.83527540663,8285.568937292192,16.36188069267968
India,2015,581.7537019013434,690.8741838008015,309228783,21.531589228371246,20778.96831926354,9982.073807405071,6.276213480012985
Brazil,2022,2482.690235953747,669.6942801780539,895547869,32.55094962019493,27147.48031959192,2716.850508518383,17.14821490859175
India,2011,771.3849431696244,158.57324896918186,215735472,15.563230644152144,17561.85170538934,3659.0990188177916,4.494387442209302
Brazil,2015,1164.607757963694,395.72603409228765,245057798,17.43725925443258,40664.32541349088,74.18812771483904,22.221800422172265
Indonesia,2019,586.0044309778541,280.58246357666553,561052450,26.481269788810323,18930.414664348227,15005.577934504805,24.256199681775698
Brazil,2014,1997.843395155068,658.488056252461,1318503518,29.74029158355377,26612.181830580015,4746.695457045687,25.047611992359403
Brazil,2011,,1449.3569502836317,916805615,21.913350320724582,28919.03370395937,4645.425289481763,7.972893835585387
Mexico,2019,1554.3504739300072,1937.2932699585772,518064345,19.185759541217447,39294.79063739934,16246.5506744044,27.662646373592395
Mexico,2016,,1435.2243213363106,287027031,19.433952397904363,4862.946197069832,54.87603165235634,2.6041716125928387
Mexico,2020,2169.6512035182072,88.79096867200036,416810021,30.54985281346378,41790.94910242894,13324.196595692356,16.802852218456987
Congo,2015,1548.5644227391344,609.9381049229386,922281255,32.72558654552925,29395.50167189808,18965.59122668751,37.38820276281492
Indonesia,2016,2730.8350396319715,283.1513414233784,823309433,26.633929851948874,41606.996614580516,8831.222965320329,39.75096530686264
India,2021,1158.8097191812856,1987.997481185067,478539874,33.44968825793675,25010.58515854173,9545.422670332186,24.95919812455543
Brazil,2018,1946.4886955060472,1649.820342627735,585414984,26.140282078049584,28169.413631540454,11586.911064308128,23.040130795088064
Mexico,2015,743.8748411406277,1276.9319050293084,540010493,17.338737951001917,46636.439183223796,13328.488608338,8.852009238729496
Brazil,2019,2025.172892287992,284.9748282085959,244139464,22.875451490689397,31160.402941404376,8692.149665395127,6.68551051379413
Mexico,2014,1394.6586403012013,1949.7653818428332,384076210,17.806194908455872,32302.77523583183,6346.220639859611,22.673139587925302
India,2016,2668.7163879471836,295.8596518680326,407942307,27.60649687242463,41887.899960674484,1202.130713543998,0.714193450358706
Indonesia,2010,1296.285892934462,1399.456213878781,1090992139,22.144243202251637,45423.48329259506,9321.672605408436,12.614511080691882
India,2016,2578.923253196578,1142.9183488227345,498842100,15.090555401299008,12257.627155321006,16267.653495524248,37.16565666549107
India,2012,2869.4097022011333,479.9644633540635,1187433081,32.55978386872554,33139.331609982626,19317.464116898926,23.875423513195415
India,2020,2244.843175326792,1561.9815306344212,470917433,28.97697563598335,6106.295325660861,17072.482397087293,27.98459479574799
Indonesia,2013,1708.7688051897499,296.96909284227127,338836075,21.614846471665217,3358.671222450238,12591.288953779493,15.430354594373703
India,2011,1141.0460834969463,,165139889,15.066790766804075,31898.006434189985,18263.18323742248,33.128914922610576
India,2016,635.7320844725634,868.4387061396683,867099836,24.355231698525888,24560.816304338474,17790.586898544727,23.964834060870125
Mexico,2017,685.1236989662858,174.0195682366076,1051919562,15.456318916652911,44077.53575660439,13899.0501575911,21.67738260153263
India,2010,2932.768624279367,465.3957771569048,189475669,33.7716461658261,18508.559085901776,11984.714136221392,34.51862659008819
Indonesia,2010,1530.156143150294,1628.5562122826968,170094809,26.810932962689684,42737.39228257697,12797.550645119793,5.310511323090583
India,2014,1729.460854888855,965.5957954299528,979837736,25.486356157954233,38177.46938868904,13629.367684098366,28.081673266920173
Indonesia,2017,1978.2816298700977,157.82128341650588,320779511,25.872372862883008,16335.46241772798,19353.57434136135,24.306201174444833
Indonesia,2010,1811.8719048426876,1287.2690446983984,822687608,31.993810123112134,13985.87688873406,1841.6280713794613,7.2304853507536135
Indonesia,2012,,282.167541255915,348884937,19.792898074825757,35502.44507653539,15089.112538687481,8.138239920323826
Congo,2019,2408.590674994124,393.4860067678123,226136736,32.5342755244783,38813.06179175699,16782.335481795235,36.05029048947283
India,2016,827.953995576856,1150.7811291740882,911244939,22.668319957452525,28859.460928548262,5365.044713007536,15.458003934470272
Congo,2011,1199.5289338826756,1743.3187769551348,1249282170,32.90235290974505,6931.553775227392,4837.751448956741,5.834587830140267
Congo,2012,884.8224925793784,323.88226100526975,755086310,27.71051248049627,39949.31182342602,1890.972055221157,26.056318676964846
India,2012,858.4954483796654,1649.7903955786378,147692426,15.033706828768397,31452.341549465473,16775.915255305532,36.02778557374702
India,2018,2088.69959472608,1383.9581193104282,355442079,31.80432188916904,32152.620241285298,9978.313572662677,29.277594805664446
Congo,2022,1064.8323395128514,1952.8318746160214,155208132,19.47655548152479,26779.319238830845,17283.60270495038,27.22972500558828
Brazil,2019,2575.0642693869,1148.3925589480168,443538774,26.42962990594494,20198.611829421014,6014.91072620621,22.031635839294736
Mexico,2020,2720.3091374716682,584.8298980411481,761868564,22.031376150198653,40710.06049772138,10514.06582162719,25.811910238311775
India,2017,1181.3067318177223,1223.857301204388,790109993,26.713035273941856,26381.736157047395,14151.933835013402,20.13428916610387
Indonesia,2012,,695.326533939469,358841496,20.31799948523363,37435.93601053955,9605.683824610127,39.94714847406919
Indonesia,2014,1174.2023813310575,,1346055443,30.403245851408585,25877.58913120359,12801.785884564038,21.223120875328696
Mexico,2017,621.4890903855709,1814.3544912420148,724457841,29.788761893844182,6949.6766576877735,1603.2903020081935,21.460100670589142
India,2017,2322.4027829834467,493.8474341142372,211779880,29.55218353333491,6115.262680049923,2944.300583779356,38.015491241198546
Mexico,2022,1457.7025127128318,1833.9688368209468,1347638633,18.78443108674009,1643.8922328752558,19991.51118008138,25.782775534983884
Mexico,2022,2951.6964566020465,969.107089925472,94204311,15.811207028384214,15246.057800318735,11598.750204740929,14.739411373079735
Mexico,2021,2126.6642956004553,646.2071353770266,1209316460,18.799509416907657,6614.781705634035,3399.6518802910005,15.499365607638317
India,2019,1041.0019691023522,1381.4053425384043,1170130914,25.736857967268918,40426.52593875558,15611.815625088855,15.850637335001826
India,2011,1672.1705591035789,529.2586736032281,573032765,21.992176241938242,25224.877640144037,11658.318879249166,27.41312658714093
Brazil,2010,765.0406968409313,374.2481058454182,1078665064,26.56275736773901,28628.30767958293,5373.800834130747,29.357356309319233
Mexico,2011,2960.1273808201545,128.62992245369134,164871400,18.709839778303675,23017.219578535998,16356.71663427621,8.704021496272395
India,2018,1202.2688338998619,,1178798022,15.378852849477926,33123.98560175509,7515.895343166976,13.234406020371672
Brazil,2017,1117.4033844144246,1124.762046293965,802368220,16.373253642635724,26249.612902536646,2012.1941397199303,25.639351107766235
Congo,2020,,993.356209702544,1183555541,15.537702163291744,46720.99352385211,19817.277767188174,23.473379772906707
Congo,2014,2349.967880951391,1352.5340700157726,1137750201,25.570685885519318,42099.02312922482,5211.73164167196,0.9424396534094364
India,2020,2303.642657136911,1916.0785750676896,1110244036,17.782692453454636,9363.524549979942,16144.638181233562,20.184406215989902
Congo,2016,2044.4043021506716,840.4595544700428,43505495,31.955230437026657,43690.77018361084,19264.18734042996,37.270241125674026
India,2021,908.6709258131239,1403.348655155969,258677832,25.316350080909018,23526.83505541122,19199.055148116513,18.577237987247074
Mexico,2011,1887.0965027998982,531.1074742492194,980980796,24.54222034706831,48414.10897112025,9333.924353002596,35.845096003174795
Mexico,2014,1268.6240944184283,1077.8428624506744,1199703389,15.783236293073639,29943.9742288028,5987.518267242727,27.113920650931725
Brazil,2018,2945.7297288010145,249.35620259060474,673327246,32.762553944546525,104.17406145022329,17953.851090771637,31.509831009921744
Mexico,2017,2448.8009622766426,895.207083126331,215387493,22.21348179756788,547.0435075312063,7590.361891602993,33.465174810799965
India,2013,591.6404941293137,,576907827,34.38708015272881,13555.421744276795,936.4945134654444,25.383550314098123
Indonesia,2021,826.3547491658492,1074.4852819656,546386797,19.78730546921412,41179.64503348675,1570.6478816167232,17.800545530023584
Congo,2013,892.9456472432763,1878.4373592447673,36248012,32.582458646926966,27716.512880760456,11566.892020006475,29.440439297698703
Mexico,2016,1377.8045713192816,1112.2278163784863,1367082386,15.500602938594103,4191.531132355647,11546.10675916482,34.97038184963761
Mexico,2014,553.9362134411945,732.0054050206049,213318125,26.72095236623311,24648.06305204858,14705.605330263426,36.05109798073762
Indonesia,2019,832.1080389084716,1511.5900954893173,627944259,19.5199658338667,10694.299286655383,9156.32655573805,2.186603034602936
Indonesia,2015,1048.3825923352379,1268.9349258185814,1183164916,34.29453204231133,2798.408395080146,3736.636286799403,31.962680669037812
Congo,2017,2502.119457074121,1696.1638935284866,1230735697,28.54583233744996,17983.909319926817,13417.59701396927,36.62954269409649
Brazil,2019,1768.7697950172058,1929.8635263662309,599882683,22.117959914067775,9264.080878752731,13144.74714235687,20.922110823030152
Mexico,2020,1786.2213917417102,97.82220871925378,1399066496,18.252303055837768,9117.67621062511,5684.342989516051,9.723133496720045
Congo,2022,822.9633560888376,217.3938693943093,90626735,33.96276326393535,26312.46166990127,9737.6769722666,28.645979381963365
Mexico,2019,1539.9139311524702,1466.9036532604878,661233559,24.540525797139395,37306.681636754525,4910.966867713726,14.364858227304675
Brazil,2017,645.0978698488047,1604.5433482564247,1115623406,33.750483963917,49671.25901021341,9525.151968803215,36.69764707116193
Congo,2016,798.8472056997382,1945.6931038723683,887686697,15.636201836226316,35116.22759276196,10767.547558401855,25.206480714019502
India,2019,2073.279975782757,580.0712053105337,397733533,29.25529028647698,7286.239560040877,13775.891857922745,8.842798542348888
Congo,2018,822.2793865850656,1537.0026798992253,375415083,27.39085166187373,30749.19856385113,5214.87419336688,35.608011239827526
Mexico,2021,930.5694788542578,809.4862099646535,585933222,25.629639711988823,9641.119660207292,3184.450589713755,18.844668501262746
Indonesia,2018,2947.9076287960693,275.68256983878905,527358198,24.024867917413225,16767.66271387319,10681.640858407123,22.00132359262746
Congo,2016,2577.412201692116,1269.7836071854308,774304419,34.59202433858833,32040.206172491362,1780.1309687955372,22.713899647384213
Indonesia,2021,1778.9413596945947,565.9395286993497,843924680,32.92436456612919,41439.981683116035,18817.93862513801,3.4481654860584006
Indonesia,2012,1782.517954398272,1823.1683630245477,45431507,18.941306258954032,17925.338099507855,15322.291885255823,37.08424887356361
Mexico,2012,1947.3673220505743,1655.4576808013223,1233377970,28.263827064840505,11428.641528897291,9345.933279310959,10.724336498281993
Indonesia,2012,725.2755772320083,,1204803511,33.81263439251322,5528.8725612478265,11825.854794275758,28.952506407118836
Brazil,2021,2139.25444253814,1828.892515136832,88211309,22.84047106836784,28459.178835642422,18975.747077981192,39.661867593490705
Mexico,2015,2440.8457410617875,876.7368734392784,777299060,25.286596791127167,48337.30484314883,18012.134603888313,4.933245370315797
Indonesia,2011,751.7004002523481,919.910685501829,738866425,26.418618052171038,27199.018484583612,15877.921811200475,13.259932234476159
Mexico,2014,585.6555698485062,1875.8807827791632,749851552,33.336502058655235,1708.1670451871494,14802.121025801096,16.290082804271687
India,2011,2250.8048219833236,475.6375746376088,733203187,19.983941576751523,15482.979693319376,8437.758452879978,22.752158832477242
Mexico,2014,,,420152100,29.47679551680565,35964.49622981104,18067.17008262875,31.11819076078318
Indonesia,2019,2970.5343581781913,1795.2670189946543,970179671,21.185866069911842,47318.60363896343,17212.7570069362,37.01670583123597
India,2021,2624.2364294110344,308.4505862837313,1386533132,25.49753688748457,7420.040905425144,10255.458422916186,6.577283432750521
Brazil,2015,1032.7782746668136,1190.1561048355563,409862535,28.49137768271434,43124.1230208784,12087.883908361951,20.359987576172035
Indonesia,2020,1807.2956396300326,1863.406041186782,864767358,23.064933836052948,38855.97586500152,3337.3033401004536,36.31571768925609
India,2013,2328.3347085549303,356.59392418956816,422802576,18.785238944661607,21443.406900634942,11140.171946436434,1.5444734728905833
Mexico,2015,2525.398403075907,696.3754096259337,280784395,19.9581596372841,46813.591207710524,13968.805464360326,18.553186283361153
Brazil,2018,1679.9753375330372,975.4731517335745,1193013059,28.38071105612361,26661.303732666292,6264.935419047232,5.737043857105771
India,2017,713.436596285751,1289.1205204219812,348362522,16.485572116109473,17127.296940630364,10780.203635468235,26.456026901646325
Indonesia,2010,2300.0184489392313,1665.338118809502,950905915,17.49743773262592,21020.13815364477,13721.440886994937,13.400087818228368
Mexico,2020,1082.0597595518993,1159.3126695894528,614472564,18.815662068416227,12292.12427664221,1897.5342322274053,6.827793151639151
Mexico,2022,2633.1547719466266,316.4711473046002,685056312,29.076284841222744,21358.37712642079,10709.102349430705,5.088990129181189
Mexico,2018,,1218.12684621339,825761723,27.97972988939336,32227.291366812526,10816.315778980887,34.55698054348913
Congo,2022,829.7574617402255,1421.5844884792566,652324696,31.108218335877822,18927.71420354396,11079.061745298606,22.794027449459055
Indonesia,2015,2443.1460406498236,1253.8783029800097,7782211,33.88945243293051,6695.656416415808,6562.031329807851,17.551512996534615
India,2014,1213.4417055729512,1983.3956613898702,876773004,27.344804459230748,46050.83533747501,6662.001750287405,13.541353635283128
India,2022,2096.8307905766146,1810.6016934955605,501244658,30.95055123061801,36345.52492418069,3231.2370461439714,24.8833272975593
Congo,2010,562.3593542485626,787.8502899812089,908941190,31.511346391346486,8922.042932367496,1996.1466218312803,36.32166142125737
Mexico,2014,1348.6341137290156,124.76808912354001,612046665,26.309937761192064,41343.824658965445,8713.02867388319,35.33255470028043
Brazil,2017,2884.269588942381,344.5127940316861,1382854573,22.754285560175315,47531.08639823271,10305.544047506462,9.476039314297047
India,2020,2813.768233251154,701.1620200828033,1063618278,31.308974382063568,14137.704777978737,19078.254867075306,23.647855304052772
Brazil,2010,1161.9916400186626,751.9840970552225,1374543887,21.94218640442013,26967.49852562171,13672.290648738532,9.610054996897166
Indonesia,2016,1309.555379845116,97.79583770508057,894166221,27.46449637874087,46679.30160106754,5386.175470711928,10.472740944723716
Brazil,2021,858.9786368223852,88.19437930560304,1258802283,23.623976997903096,16717.95979725588,2386.672349481471,36.691110480449886
Mexico,2021,588.8672543315116,71.637189504616,505585580,17.41655748077547,18229.35691945089,11391.832434691212,3.7465551139640914
India,2011,2173.9527162660784,559.8088031120524,552191710,17.00949556842716,9338.719462112513,2167.058675966102,21.79442697972945
Indonesia,2010,896.644182188083,1214.3889616214822,1053113617,17.099107443917177,23039.693621359478,7447.9511703338885,28.697951630009353
Congo,2017,2084.3165674814954,802.2578817353383,820452037,19.704670285974693,45173.91316623364,19314.006808066013,27.5711710381999
Brazil,2016,769.6483079617806,1915.0863650616498,458134476,16.402673776440167,48326.677060857466,10838.00430392824,7.2338089806931345
Congo,2010,1466.028769128075,351.28953086171373,1394881512,29.221557718830375,8028.292992123967,14765.569760666102,7.292737534366883
Brazil,2013,2169.4267104779024,496.034185023715,833497621,20.915015708988953,46448.15664938504,17667.40613412094,19.81129438219609
Congo,2016,2919.1856382358114,1664.3480204123107,574963944,28.641948768526937,9873.763730076244,4674.090318674326,32.45451002394882
Indonesia,2017,2811.6757448052817,448.5257235033262,775617727,29.174732242657296,43921.8612526279,19980.62273510709,1.0768553501682754
Indonesia,2014,1237.5887092216285,1850.7463942127408,287548382,28.69334442831223,39810.40945798621,14094.46778844098,36.49142589233127
India,2021,1432.102516922862,909.0369926974846,279901562,30.447733232230643,1622.1319542812003,12391.643397689295,14.620227664659604
Indonesia,2018,1628.3783640240351,1443.5432420680834,38326395,25.346385493026116,18690.320621581202,3998.436306686779,11.952917954556519
Brazil,2020,1272.8376299508654,124.96480410515436,241148983,29.03967164872887,14582.696718505742,6155.762936194199,29.835005887855605
Brazil,2017,2536.730701795779,367.97207967434053,419081684,32.552749391595185,42480.44441465221,3876.2582594965497,16.937846334407215
Indonesia,2019,2662.91167288894,1568.3351897594516,1353409958,17.172695835128835,12054.422538758397,2657.884299150205,8.131089738069678
Indonesia,2016,965.045007558389,650.9928604053528,35507173,20.545783766238266,23093.587660356097,3111.5850625757043,29.342177546477277
Indonesia,2013,1344.2508258098808,1350.5390474221135,299259743,26.952985305505205,35971.522287837695,9036.577824570468,11.280740038162957
India,2020,665.9946429072809,52.129416421933726,1319902366,33.66443809183852,49965.35322324173,10349.116830778452,27.618580939632334
Congo,2021,2631.4711060023137,550.0350817341006,1352399771,17.92191414522091,18222.540957349433,7402.482429426645,31.78577899232023
Brazil,2019,1613.1435858034163,99.92117333298478,343450948,22.686295554714583,16691.489716576478,10522.582232717925,37.62981443490606
Congo,2012,2141.30192860272,1942.2285409198282,748912891,16.383055832055287,26709.41298234924,17207.308377975976,25.39345179016292
Congo,2015,1846.7580555101683,,693787705,33.679587089873415,46080.3422571649,5819.723700120508,30.44859576965351
Mexico,2022,1805.511697940248,1185.7357939817418,389250284,21.18709910264712,49678.074031369004,5097.921647347691,16.22845210529162
Congo,2014,2214.5644715841404,1167.6945853802715,1204212548,26.116901360470592,14377.700573927053,5628.36206788735,3.0754303103134015
India,2020,502.13508328003155,1360.611890573744,418539430,16.87696724374042,23545.712073043032,8072.961441467803,5.194458288350796
Mexico,2011,1930.2310347507334,1851.3325211509884,546811467,31.015179436789385,33221.33574574552,18165.378448741292,25.276802409141506
Brazil,2011,2420.3189820504736,1096.8327555288906,485815915,16.018041378810565,9504.860239055282,329.47428321566304,37.38543930729243
Indonesia,2015,1737.203195418344,463.9378347419568,713528392,19.345771458749528,8532.081301674283,13422.54823990659,5.0163665803995565
Mexico,2022,780.9125595095365,111.21691113470345,760044474,15.669756776920165,16692.265855817022,11926.393780509226,11.730035410569627
Indonesia,2011,2308.668663002438,656.1827866047003,856693315,17.067194240817628,39016.00691895869,3561.965264033374,30.209724803407166
Mexico,2012,2855.1382779734126,482.883661624791,388942942,28.431502821485132,1419.095528450796,3010.9499217258767,31.79032507332447
India,2011,1170.4153045270273,371.501694925823,1372242205,20.51087447442169,47726.31256103109,17667.344322461977,20.104199304084148
Congo,2017,2300.7923237542245,1794.154770335773,1121561335,24.810421855375502,22018.495414163088,17028.13646466581,3.9115921744686872
Mexico,2011,2435.351449920058,725.0099220069292,658523665,27.641467097351107,31802.858899553597,465.07088927948786,25.267542852884795
Indonesia,2012,1801.2165892900098,1034.0216348633285,460816996,24.663620157881766,21694.174807881194,14184.303357320661,14.021926632604284
Brazil,2018,1839.1772249192093,598.5683226718435,56302098,22.120085682566405,19121.08191240636,16437.950429981105,6.450997162962582
Congo,2016,2758.1441306688207,929.984706665167,924066143,34.11907155605149,7861.6179722208935,13701.577369788876,4.030095673479789
Mexico,2015,1493.8315362878009,1501.3999338897872,1317690473,31.071680624472087,39610.574381788174,18510.22160028443,13.039408023449386
Brazil,2016,1747.923929752955,1804.5897249124687,1217809230,18.817819128486178,43661.05658514104,9108.14084521173,31.308092315665153
Brazil,2018,1141.5269620712506,1715.2008644071934,1251157620,30.698548050769737,3774.4960982174716,12654.208712852029,16.71206331504524
Mexico,2013,2203.104754154158,1573.7778683584909,502021945,22.716435338321265,39465.504176174654,18120.831808065606,19.450921374012953
Indonesia,2012,2460.636492317052,521.6430305650132,667656873,16.053237780993214,3490.5148190480145,4722.014085524913,23.05520973739771
Brazil,2011,1453.2043480211682,760.4560660449922,609182156,22.714547394588852,23150.213991398956,4940.356717400212,15.456883282742522
Congo,2015,2588.1791531412455,1594.5580888385991,398478591,18.34333096167175,16199.67910267091,3114.4974981978644,8.756374853382633
Brazil,2010,2535.0556088747708,1538.6886192130155,1011861386,29.63379799114154,4790.006898069453,18509.236019610253,16.89782913766535
India,2014,2082.8687434541753,627.3584262687195,162460508,23.179273414316853,28897.463538829463,18888.552903074247,23.577015432145924
Brazil,2013,1328.160905177642,680.6113498460049,1204034878,30.948251952313477,28604.485820625025,5091.931068405166,5.68539540730085
Indonesia,2017,,1903.4577364925042,717940960,34.28660483225646,29364.36117886206,6026.079127667929,4.506353791055979
India,2014,922.0511498145987,1014.0503601127365,1374069732,24.266647721820718,22902.93454594316,15813.52178897314,4.963878508354708
Congo,2022,2194.5103304496897,1324.499916371035,148968620,20.63108040624787,49282.12576291853,14816.509745108964,39.12075400205065
Brazil,2014,1263.9437011974446,1913.7013882340482,800794268,27.096234473745177,15200.145646249586,2499.4941738093444,15.646674699989028
Brazil,2010,1107.9011232561734,1864.3063235589864,204516257,25.468033979794182,30690.285322690022,10801.063169410712,7.659226921253312
Mexico,2015,2616.3453269009246,358.9216216028119,494827441,25.945762820037814,3916.9530446134295,12898.497394825414,32.37238533228552
Mexico,2012,2779.075827799444,772.7206964484523,149832018,23.497793222437465,2548.413457287937,3464.5551905932457,18.897447147999607
India,2015,1924.0530095363338,1892.1262055043876,208721603,22.974063387850812,49548.687259774706,2408.320616726911,8.030936757177994
Indonesia,2016,1039.9230748351642,1397.7828360776052,242983989,21.18555698892182,30120.344538203946,4096.929519524127,25.199195091857277
Congo,2019,1736.4451694665684,1564.8316887328256,178300079,33.27414117968418,8094.254628747746,1022.6846576132015,3.2104520699436314
Mexico,2016,769.133909022396,,1061578581,26.823424979039142,16294.79882032086,5680.883349751297,11.604698996238069
Brazil,2017,1825.7084577006917,685.144523786963,356658921,30.758827171918504,46023.213206177556,13193.788221644609,6.632235304926866
Mexico,2015,2793.3057787199928,1089.7192566908839,161365404,23.700147479430132,12905.441429912684,19961.39201413055,13.939330172839787
Congo,2017,1517.816772228109,1936.4766362498376,202648345,22.4964895080224,39508.747157924205,11027.80066301421,11.124143588069632
Congo,2021,1149.2528006011412,1484.8404500757338,1061776771,17.96429079739366,33696.21913144354,6825.596056328094,35.950582534502196
Brazil,2014,1448.9289898286042,865.9567296170517,689880341,24.746110945488574,5573.161710735561,10725.36921119795,16.111550209215064
India,2020,,522.7074489445297,640178118,25.726456677864558,227.91082501052608,410.76201719225435,6.588970318105419
Indonesia,2018,1957.2572844059655,197.61384380315593,735214995,19.452557605411254,48576.968541428665,686.5505536666344,5.01933647284793
Brazil,2021,,922.8285247443987,1294019193,19.846793633717112,20553.326089308375,5241.850357860737,10.481577505054336
India,2017,1089.29554133084,645.0459220584199,791296962,22.68925878977144,27426.477615127103,7190.726005718313,21.071147955200487
Indonesia,2017,2705.2581179126673,1161.6498518951832,1235154880,32.03426506588265,3764.256304111083,3109.319292891504,2.1873205588015816
Congo,2018,621.1486410128651,1964.469162387263,125969040,31.09101901459865,46048.158233457434,19278.892939305075,6.503250342716213
Brazil,2013,2325.25939321945,176.37430100123476,920746907,30.626571764448638,221.15954454869615,18393.306160448807,22.453413691621723
Indonesia,2013,2451.5870592527303,1304.6233821191092,149395876,25.596407912195293,15607.69735426974,5350.145606383505,22.068340116010138
India,2017,1227.5468191430764,454.330481017184,496667153,32.69856862028104,18553.386414878736,366.6945590036582,28.75065376101186
India,2010,921.3090462245914,,880088339,15.891787735021836,40323.61635272305,4637.548585367128,21.216387700373406
Mexico,2010,1402.3690712224884,1769.4323783245443,1362640198,18.34940451909703,41241.71325611357,5965.35427816049,17.955521337794636
India,2016,2547.5746443881153,336.79934063743264,306534833,24.140279127190112,49898.0724454978,11509.88689584392,30.510910134654875
Indonesia,2017,1586.5270837456696,74.26443455269141,541200991,30.520032589970988,8213.605446621077,7667.487157210819,32.67793207299596
Mexico,2010,2292.8240214056577,1256.2185448462758,1171664001,24.410605446529882,5316.882611207114,15823.359210156195,6.835243246566902
India,2022,2020.882518183874,1970.4091402937418,435253899,34.89791028199062,33295.812913978974,1280.8781714005136,6.084730778670263
Mexico,2012,756.0493322573507,1451.7799005500556,43416099,34.07149371001605,13211.01140002907,3445.616798546256,38.92277759857509
Brazil,2017,1771.722997933853,1298.8517953166036,278134031,33.04031696986903,40200.342661912975,2984.63082986422,9.421171748358494
Indonesia,2014,2077.9890284279363,1820.9495042914336,54409978,31.381265050083687,39806.4311904153,8781.343118831603,16.797844832762603
Congo,2012,,1311.5058505326745,1242504835,20.63764719829276,40367.529474919625,18863.528472850543,2.4602204889037766
Congo,2015,752.9968824263403,1139.1730824864485,852966766,28.083676022635203,27891.77727185607,15525.3561983283,16.40365086458018
Brazil,2018,2403.5306237042887,1134.259104421469,656195053,16.004256109484103,15138.737734508552,11156.58546740353,18.691562614827475
Mexico,2010,712.7535097872277,1687.1698596591343,569220078,31.386232387028393,34385.98598179215,6753.758904310745,13.949193427859855
India,2015,2452.3758614715634,880.6025690241014,484393080,21.469280371307622,2091.8589961719354,15522.160183510321,36.17391350259974
Indonesia,2013,,783.0667619654076,68725950,18.913148271237038,4405.297471292556,2029.4805510243202,28.622672851896077
Brazil,2021,1939.389568673419,454.35054308392523,912671448,25.978768648674297,23292.454967433852,9427.879775634783,39.63583315621548
Mexico,2020,1014.0628222088051,657.837224567773,301740297,27.206073739066774,8322.481713232975,8238.604829188287,29.87905252070784
Indonesia,2014,1295.9981250252802,921.2871274496725,1273436137,23.17386071499344,480.35122090036907,3012.6566280445736,10.977339097047237
Brazil,2015,1248.180221188981,84.76808699384586,994644984,26.499661240860675,15788.702664971659,4622.284705785937,14.863984167111296
Congo,2021,2069.811850548668,622.6651375725322,185065546,31.71465074161979,12758.38420318681,6813.152350837384,17.856510477916004
Mexico,2022,1713.7332919075511,54.19182564505642,110433142,21.241646614216883,1008.6684316441184,11704.379576714107,30.386574581080946
Mexico,2018,1552.833561888588,207.20822220344198,307851567,26.066111737630056,25498.04547364052,8960.748350860536,5.793597868114922
Mexico,2020,1942.9396807013031,727.4272246094287,608706737,26.105703293181996,152.36502130786744,6852.389148805094,29.401675699648504
Mexico,2021,2587.049001180352,1079.190007573217,645340639,21.254628610493786,34344.10254381733,15703.905743348407,6.5341524573469325
India,2010,649.3234610580598,624.6346197367125,1209701058,24.775861230998874,25461.132002788763,9062.88691345498,39.37703621633406
Indonesia,2015,2321.2523429124085,1695.5151011611379,297745476,20.481479870159355,7915.516724501511,4782.258827867669,25.54521823787115
Congo,2019,1258.7194239886726,568.5813132036387,723868557,23.239023990999897,10360.125803962077,5091.298926994839,37.73540825600485
Brazil,2013,1064.5572580715243,678.6252381075084,167264238,20.64383380924802,29319.271968170146,9971.75359943744,31.857295168842455
Congo,2015,1776.3316150286137,423.2913087014411,212280052,21.2287627911828,49117.905362727644,18880.917770259744,14.37301504546205
Indonesia,2010,949.8157233831432,820.8062391360525,867873837,30.27438631268985,17016.672976366623,12122.160834350456,33.60554090579202
Congo,2011,2255.3807178695224,355.1405236829623,75035771,34.728688053387586,38922.026389509956,19348.236133598264,16.40043477619316
Brazil,2020,1279.3351659155853,462.7058562680272,1365494395,31.65176667849291,12427.994468085684,1690.1710734786489,22.998838041634848
Congo,2017,1278.942220904968,864.6869436381132,1168521917,30.887168505912896,16448.653558373037,1304.302179269856,12.69396134767931
Mexico,2017,2914.7836442432217,194.2086358924676,1087703635,25.646861094663354,43338.393206487846,13298.368017627074,28.774308839679207
Congo,2017,1272.6074502134552,1790.8648879734549,926405213,30.377355429002776,12943.561594271721,14559.542772752111,8.823089135171434
Mexico,2012,792.55426246483,997.8477092623777,64379752,34.90001322948527,49133.46975298259,16660.86623660867,23.911910691573073
Brazil,2013,,795.5665227351632,55444651,20.598149526808186,17820.63220689784,8418.664754819865,39.23368101682122
India,2016,2316.552337867084,257.7292164612659,31464385,32.31512119016389,39415.387806052895,2976.2670744443285,21.30808010983182
India,2022,1049.9733610718374,1208.6602349498842,509160102,19.36997653031277,36293.57686627736,2854.6086765387536,34.86042596254772
Brazil,2014,1501.9295073420208,827.9218770594292,451721804,21.031190474047005,44989.10721984095,16421.53276944682,39.5063415310193
Mexico,2018,2504.162091281093,438.09274181105656,1297482066,26.004124779678772,38190.7200507373,4335.086648507135,28.22259143008647
Brazil,2012,2600.2739633999295,1339.2469892667248,858088317,23.10202891555882,13802.64098901826,7379.707822129393,39.47781537379892
Indonesia,2017,1051.6666445667465,982.8439498262186,822802044,26.18383359912677,22693.66239551168,10020.784710136928,29.552284212381725
Mexico,2022,1586.9869374700784,1834.13380803598,859670986,34.90217365119155,36716.47554951153,1634.6056175542515,37.06240237526677
Congo,2015,2413.0173921279143,1748.5181024710264,1333515356,24.28234831194767,8923.742937659928,14016.275762872803,8.112974474471972
Indonesia,2017,1550.939721473952,728.8398025336107,438055506,24.301565081922234,38134.86565725431,16198.71367998285,35.44512957592161
Indonesia,2021,2406.0914635140325,835.3717006044527,725786403,33.17435725112567,30715.76466040872,14312.616696269804,1.8922429959296347
India,2012,1862.2653184920075,1828.648145100243,261736151,27.390414484072707,18124.05112060405,17508.80323793392,17.313776639567358
Mexico,2022,2563.8755312502403,1931.0708049283287,1285546860,21.76542376692639,19671.019333805438,3349.494937026347,28.406293301479717
Brazil,2019,1527.57678227408,,1150587760,31.66575461877243,47766.84832961751,8442.513772612005,15.203920309133485
India,2013,1944.1639723948397,191.37351589465962,1257509797,31.02164306898368,17566.75445825155,9478.722295333864,16.731965684562525
Mexico,2010,2757.6718144036713,130.0354787113372,1337300208,29.964609310669708,40389.524149379096,16673.67277333483,7.773102633513694
Brazil,2012,1350.3525758859912,1254.3847267990675,1306323841,20.778059503575662,38248.643414677776,865.0940065878491,31.21630103954734
Mexico,2019,2210.3830214656323,1521.6474124075044,860802643,18.502254844812274,30865.40586563597,5117.545529901622,5.27302668431584
Indonesia,2019,,1429.813764629035,863917046,26.0128199489947,38625.809982419676,18421.12576307877,19.027901951503488
Congo,2014,1680.6876318920038,1571.542581114133,906227193,16.113575000867247,35381.058080557195,12305.081361281766,1.5526682223947397
India,2020,1453.384876969635,372.8149587742637,58048329,27.8591526055226,8774.238034520447,2147.5781296196305,31.32216161264426
India,2013,929.2233888938738,88.84870317630615,46141915,23.726437242558482,5716.120740261769,10736.521513421148,3.4951664236770528
Mexico,2015,2491.7736850537935,1141.9044864473715,174251283,29.207696447767262,47250.85108949582,4722.704846850775,35.107768712020714
Brazil,2016,2642.099719194622,1789.611954225755,736593608,28.560932765859953,16556.91710027727,17249.903752775503,4.598796674108585
India,2022,1248.4654410441844,538.2484892586906,809552461,21.077062524610646,4194.936789418216,2996.3481803946497,27.58683493482469
India,2013,2331.673140422382,413.9985490416431,438221438,17.417829388370794,40544.64654082059,8299.989610739702,35.58706082645012
Congo,2018,2237.81905000267,1769.121411615452,1099238672,34.41485601426932,46393.273609538875,10988.909669663255,5.442875758392334
India,2014,2330.3664307037848,713.2525154888142,539761780,15.297603355694708,14014.620050691667,846.66742652808,13.130799934708183
Indonesia,2021,2680.1217204958975,738.3242075518601,568765685,22.782984566854562,29286.99678172393,15930.276412680221,1.509602640842533
Indonesia,2018,1623.182085632963,1237.3254505312734,801950414,25.622366961085294,39376.348082647986,10314.506705758917,19.549588614534667
Brazil,2011,2012.017762594532,572.9209569429254,1370094452,24.726946484487584,9172.525736060605,9070.47526808143,1.226535002053318
Mexico,2014,614.3198601889159,1879.4799239775755,289867465,30.269362223506036,8546.454368219935,18060.896343851924,31.721878006397894
Congo,2012,1597.0449676805472,420.8438175563591,1282141646,33.64062858211802,11317.054987945423,5629.829249838877,5.931007654738315
Congo,2021,,92.18958153061985,1076902391,30.806186502893347,47106.29437737752,15415.896116421127,25.225628134714572
India,2018,763.8282259814662,924.5483777839139,187525403,30.531914169878338,42878.56086619785,2929.8816053752157,8.451720590627946
India,2015,805.140207713763,1195.9164200704245,266775259,22.61639503590918,49054.12034706496,7461.9367017363475,39.16243394942083
Indonesia,2021,1848.9425599159113,593.2607467343137,1174751920,32.24962193025573,41627.47898488518,6714.571484220211,29.904522857385366
Congo,2010,1205.3668201975838,1529.8335140076088,1003584497,29.79568603052916,29923.755769609208,9668.85978766215,3.423340927046634
Brazil,2020,2025.668901561099,175.64799310706863,558145814,21.364362060147773,32765.82354386785,3475.2907389897823,24.75946305154076
Brazil,2019,1607.2139355458016,678.9065464251229,91417122,16.761395283535133,23518.808867362277,4584.58159739351,36.151765830827884
Brazil,2018,2083.926311006789,925.220701303838,386985248,22.650965150318484,33193.251035859656,4837.6938579392745,5.520768504837657
Mexico,2011,2127.021903150311,1899.8697946377386,1173801799,27.110236012754598,36546.679623836724,11249.126517267483,12.697206566557137
Indonesia,2011,1124.295502034677,311.6862221765605,967314283,18.51947995251925,33051.756708232926,9580.389454991968,24.215631531541582
Congo,2021,1150.3925797676484,334.29919881637574,1177866351,30.62048257222557,12306.46424938425,17293.03485048602,20.605010413752787
India,2021,2810.523543147187,446.64483022009006,597267850,30.225206512851486,37967.09831455668,14189.460497869937,13.931803526653194
Mexico,2014,1954.252627392289,1519.620389621633,960716339,27.512850023467433,13389.012235737528,5826.376036615377,37.558742864885154
Brazil,2011,2112.920828984807,,527094360,32.738657387190884,31248.785134526002,16835.89219191624,10.43880077034544
Congo,2019,1427.198919655641,671.3043444122073,1335084792,19.254132224003513,32811.62459528615,14567.576728591723,18.2707718694157
Indonesia,2012,1284.9748296552093,1149.9943891702253,81953187,20.242496200537587,16038.29813608825,19654.72482247569,33.93773158961816
India,2019,2421.4895813328035,861.6909099355805,840657982,17.539165990809927,42412.84897087913,12414.22759088148,14.123211244001416
Indonesia,2021,1052.1543802563529,1251.6221656592338,640131816,25.511360926382498,39658.71727627626,5820.93269249509,27.529608103911755
Brazil,2016,2279.902859440028,1026.1129777837455,620132299,21.309647216185162,46179.046786806255,19614.941516825977,16.903210921278585
Indonesia,2019,1630.691852636318,1429.530164408203,1229340032,19.764961300872457,11004.480941908134,12834.186565072594,32.36236291538786
India,2019,2867.896008760803,1973.9513258881263,493724939,16.41228830654624,22905.973070660082,12483.826398741152,23.29522352943193
India,2011,2253.141456719865,723.7209928386012,1339692896,34.8560685689461,2618.265339075415,8057.956733603609,15.415901869772863
India,2012,2686.828525375231,467.90353442822334,653958547,31.331535931714917,26121.6625391418,4495.556286150277,32.413787129260534
Congo,2011,2786.237554953215,335.4007873509252,448349601,21.52820780572295,18274.988394315154,5242.379692154993,10.195680247197537
Mexico,2015,2067.1993702288764,820.2915760825745,1174217076,23.17523030198907,44080.14932980941,10206.377936155968,37.514232575512395
Congo,2021,2836.1551011274923,1833.7006744576724,1243690003,26.213970626697076,47606.62744522359,6009.651527063759,22.245873410757515
Brazil,2016,1896.6012474592076,449.9693604541634,374543345,16.039751378657066,42512.82913519686,11705.334980574034,5.139831444188427
Congo,2012,1266.4876843523502,744.2034485100311,555152346,22.51347933952981,41583.82799424691,16296.992324889487,2.3075754912239774
Mexico,2016,2627.4399629003783,1743.1806216242067,743848286,26.494644882699742,31083.701803996668,344.7394360429632,32.554652236194244
Indonesia,2018,2289.6002461464595,1756.1735804996003,69689920,34.22518343878732,36628.620016180255,11842.934693219782,31.12719813593895
Brazil,2011,1378.3948953640356,1248.8166593054718,185847183,34.28067504708824,12708.961930553443,10231.19981964395,26.672685345380728
Congo,2016,2164.812703680949,1522.9035589859818,736533834,30.157344577364633,38077.342184496796,3003.992862914192,29.062088944519054
Brazil,2010,2376.8258484102807,1742.6853877491108,410904708,16.017272091818583,26950.491842321913,1924.375113917808,20.660093227859814
Congo,2010,984.6639150633537,,474619073,27.071649157678582,4657.832532002628,16390.320322864303,2.833471723595936
Congo,2015,1130.1341225447823,840.261157444931,928687982,24.21816914350203,41261.31717706059,12589.709809590076,19.099461563223116
Mexico,2011,1769.2294074454458,1824.701508165419,777712938,27.968376433752987,36255.81661858538,18895.24658268358,29.49031404936179
India,2017,1466.7589974545886,1029.3391686485365,1036589258,22.904459483710184,32171.36811214328,11711.687119042474,15.61834429417044
Indonesia,2022,1991.6389869833338,433.9438869990833,352998930,24.941408574425026,35390.21505277251,11477.17931022173,27.986845517794208
Mexico,2014,1667.8622994300888,969.0728444032518,327327091,23.935522844079202,38185.29411792916,10220.786482470563,10.224360898594103
Mexico,2022,2793.975767800074,1607.9266124483202,512368616,17.69111167545764,8627.187180708268,11858.956637197567,12.991558360070087
Indonesia,2012,2664.084448412743,1922.5753652871874,76168039,29.47346205629381,36976.47049480831,1370.506975565446,28.79593396935914
Indonesia,2016,1910.589334706248,1677.866651603914,890241973,15.145958446482142,36414.196989426346,7797.266863638494,11.972119871793112
Indonesia,2014,2572.8306038776573,1090.4591828428627,538759959,24.618050222643426,44797.12179048749,2062.9355714797707,30.538328846342946
Mexico,2011,1382.978832361623,1373.0119844752612,685878329,31.6168640258691,15933.39409379676,8003.455591768534,36.29524681590661
Brazil,2017,1967.2361025830558,293.9651980658398,1240190804,30.7217700977291,27702.537702820995,12915.70694515723,17.79939076045544
Mexico,2013,1420.9669797785452,1930.8735008861613,477536096,21.55200187600982,10328.605732190068,13793.462201546436,27.22901544178764
Congo,2010,2840.3468829705967,1288.3769917075192,509354478,25.555321541695974,12005.323686672358,7388.942819044547,13.068399605716241
Mexico,2018,2071.7188294656653,82.33315364860493,947506979,33.19427756802449,12716.780797199192,10716.731577851828,19.697950344977443
India,2011,2305.4391774156365,1737.3072576329532,1216655480,21.203153679093646,18841.640713144145,105.99969140706219,14.929109560424266
India,2016,2741.8544986082716,301.30734217968177,541128242,26.615842588225647,999.8377915321454,18291.847508769064,21.486316980394186
Congo,2020,1632.6176918923709,1009.874782347989,1216525898,33.681284014951416,30354.2257443587,17278.083199113622,39.40172202139532
Mexico,2010,2055.06410364953,518.5882887154046,183779765,34.07248779661265,13544.689504263637,17712.068450807525,39.07520532959786
India,2019,2458.046715670922,674.6993736139475,1247520196,28.60169611280717,5473.604435410712,18685.272074241173,17.23591691090412
Congo,2010,648.5488328862625,1360.9040481511242,1353969484,34.61279487466321,49163.87001453357,8883.999110216248,27.89513850163954
Mexico,2017,2569.4411184317187,72.67892927217025,326555556,30.51858624105291,34183.29936103183,11499.175910078384,32.93199061158681
Indonesia,2013,1428.9240962784402,1068.2205061113136,1228754727,34.47870218851587,27573.509381224954,546.8037052386821,18.906816989793267
Brazil,2021,1163.8147274823532,463.9692032541636,296332449,28.42853384758867,15019.098792250223,15796.45835610948,36.72092487948928
India,2020,1543.4081553019807,1754.1145652795249,717766779,28.063584139141362,29101.078455737574,16166.690446596669,13.580877965728126
Congo,2013,702.7528069652873,683.830522126435,287541138,16.15595057470219,30456.00706959708,2816.809460886756,10.677555051259281
Congo,2012,,721.8547203684549,864885447,24.793253019606638,11920.894435191987,2590.2831967931675,18.1241467847744
Brazil,2022,1727.933066842643,850.7079179828764,108818508,21.611889975483653,1145.2484171439662,7072.234895856494,29.201936809511537
Indonesia,2012,1883.6037029833549,,1192030511,15.903078958599933,2285.6817668913554,17748.768575294864,36.64587496065469
India,2019,931.1914236422037,1041.199494938689,673770668,27.70429999301908,11033.098981408204,13409.361147721142,19.345019975492665
Congo,2010,1342.842433466314,1455.868669021137,512516693,34.424112895805195,13798.02637216866,8655.201177562261,23.080888549625026
Congo,2019,2104.5124372928367,1517.3148986033596,632413613,26.435531535588453,34721.561158761295,6842.639634548855,15.324276712302368
Congo,2022,2736.363437067126,702.8058279249664,68652928,22.093217775685623,43781.454159754576,17133.575919247603,7.508940367706525
Mexico,2015,2885.870604121936,,390636173,33.89981132443532,6002.185474882301,1943.7337581496513,3.9200499996133575
India,2010,2977.5839822936828,996.125576221498,35654550,28.635401569490426,41673.564051069116,12559.088489387348,30.112140754630598
Mexico,2021,1037.5569387783544,1176.5914528233425,1316647296,18.13501476953061,20638.209607332094,1417.1255629399325,6.230660833358975
Brazil,2022,1611.5106153874503,94.97936053517154,414610921,27.133884899495875,2727.696244620458,10220.397679164864,31.630640438468095
Congo,2012,2417.0862149096674,190.25368454606865,962274742,32.13377535568244,36426.99693790633,16020.065748017667,38.484552516649046
Congo,2020,1099.0196992648814,1370.4146143933579,908204277,30.550378812013456,47616.59234247873,6472.542495006511,22.66165582468063
Brazil,2020,723.1191645766564,1941.6511949318435,750940831,24.9343720513712,6155.1572160208825,14611.221873384671,22.527991047149143
Congo,2022,1858.6223022840093,1882.4887840583424,683706329,28.676426250124557,30393.924713157998,14923.695289056202,27.327014163919088
Brazil,2013,,563.7036318737008,772503977,32.663685901113276,8143.452987417059,207.28498677488136,26.286599066904294
Congo,2020,2460.725533054364,1710.0271737699193,1134440397,29.804979181025693,38155.2107871104,6863.660468277667,17.933445556156986
Brazil,2015,1763.891929777681,1254.6218732360744,519889901,26.325790795769777,14216.94795664817,16635.67815542102,36.60183728932991
Mexico,2022,1523.9619812068295,1348.840018099481,1270420049,34.551396415677054,40015.36835445424,16544.813692277297,13.465183781117581
Brazil,2021,2796.1891565757205,1687.6550356792425,407739977,16.218131864663707,12733.225780953731,19751.8425548381,33.060453841871436
Mexico,2019,2096.5809634930138,803.0581165392471,1138669541,21.27559321892536,5192.484719397021,10911.196479872639,23.226567763796986
Indonesia,2010,2762.4999547159623,1691.642976124751,816465485,34.09733250396903,1387.7031680398393,7981.175858422165,39.82539265065577
Mexico,2018,2564.7863701161027,1645.428284717449,213979096,15.61962333419277,17639.356312280837,6417.593978692299,23.81446917383774
Mexico,2010,1479.8478610030445,294.31840950137894,623251093,28.941187091671853,9694.529916995225,18843.258388798175,25.851892779377234
Indonesia,2017,2888.7645714283126,1181.395347772774,244379373,25.58597355274795,18364.85941954555,17822.647092621504,26.106355537566063
Brazil,2010,964.0112898444997,900.2878052239515,735133502,26.91784168522487,21167.28588199993,12215.931603608715,25.192658653202088
Indonesia,2015,2091.9797912216927,1722.150654599667,366599875,16.45544035760316,13126.191702692246,17719.23072576443,6.9991712744370655
Brazil,2020,970.9737704991803,568.5565644518376,837537181,15.160757264268474,43090.44669791951,11679.357244093137,26.958104589927082
Congo,2017,1397.3305523810463,370.9168884177226,711211615,21.424952965109817,34560.294509574116,15481.017400147148,22.150991301992505
Congo,2021,1563.901279841485,669.6151910828004,471946918,23.001023832107325,40774.06724124237,7470.312826410472,30.036739972339642
Brazil,2013,2431.889964269728,1935.9653466945529,1075247982,27.614415215749386,27453.466285539893,12813.42545889944,39.98091477737021
Congo,2011,2823.3299281914,322.3915925972286,1339368759,25.860145023388977,7671.3720448908325,10861.501459978805,33.25699977296943
Mexico,2010,545.1612703271089,1585.672051582865,1100955289,16.199084034022817,34635.978102999325,6881.117171802042,39.92283125005072
Mexico,2012,1240.2229155116884,424.7330904799469,71041095,16.071796099672035,37087.34351047598,14480.728948406826,28.753697422833874
Indonesia,2016,2100.5738373944773,465.0925170092797,970418129,28.336079661353217,31468.119024852207,80.22942840601311,3.5248486788993922
Congo,2011,1387.0928719570938,1737.5146495288543,236858448,31.87252820837046,35854.275427124165,11865.928581139655,23.468539776468496
Brazil,2018,1711.8486734849082,1216.5942877189875,893591180,24.725157036127452,45069.63866608225,2174.622158142174,26.329080474304828
Brazil,2011,754.3095227331704,416.72378954666317,696940758,19.74158046707829,5964.221377530377,14994.51800871511,30.149057048974775
Congo,2012,1309.9733342300765,477.3038668757182,256155414,22.96538276686416,13385.16904891704,14919.112845656988,26.426014497599496
India,2012,2976.0915477135736,1135.3055474510466,752029357,16.156521648254824,9771.427559130329,17321.550009546074,32.329953223032526
Mexico,2019,920.9291835706008,592.2008950435533,1189083841,29.38002021138028,26279.775065370293,4752.652628964562,21.910744803915577
Indonesia,2017,1259.4608772351658,910.441867055989,372502576,19.49438648035641,26856.45862979832,12924.536048978125,13.536371953731459
India,2010,939.9609874215082,,824521114,24.500779079547993,40194.686957114114,6444.674411142133,11.240788444807134
Brazil,2014,1333.9610981088044,992.9946015782231,1299644649,20.796181695715067,40683.95735122153,10080.616525526344,6.652473262530249
Mexico,2022,1426.9587174272042,260.264099232807,497201452,22.38750955557327,10249.547538052704,4980.737196790527,36.89552437359406
Mexico,2014,2655.7649302522136,1087.6604683970488,877058096,25.171446869334474,48128.00899717403,591.1415271883815,34.489095959191005
India,2010,1883.9290096702705,1933.9740249326496,892859715,18.80622607753122,36513.76221646485,15619.008397815522,37.76429175476386
India,2015,1698.1646865817759,1621.0546948982683,821799156,29.543757176906023,15630.045293492616,4714.311202404166,20.54070940163123
Brazil,2014,1132.6238533874712,1628.48493313435,592425455,17.147306432223274,12978.542041691606,18844.84120112762,14.397485349881698
India,2017,1474.1050500509002,1162.9894547426184,135429434,30.144198772053155,9008.719814793416,9811.85716168988,10.060206359800423
Mexico,2011,620.8946880394857,1822.6132961411838,1387739751,15.923164399722086,42570.03352092948,14395.174665238788,24.334338430082497
Mexico,2020,798.6857185735062,1419.7459456670927,137368857,24.676986205657244,40753.96883059506,16994.584652920057,31.88279820958552
Congo,2010,2376.3604740578003,239.639386742447,11214157,26.830730054350294,38741.48941142675,10675.726195724063,12.844734117713099
