Country,Year,Air_Pollution_Index,Industrial_Waste,CO2_Emissions,GDP,Energy_Recovered_GWh
Brazil,2020,,4548.085579735558,6542.768693640741,24147.200050163392,380.0825060434359
Germany,2020,,2227.5104961794514,3096.635272782704,20567.074664613334,72.57960698126507
India,2020,,2945.9878750129487,1219.6070340088422,21696.74433430712,414.7731388237389
Germany,2021,,4579.124499340462,8830.88986510837,49444.230368122604,393.1937629584891
Germany,2020,,3309.0709816129643,1191.4246976534841,6804.913613561712,357.28490189405846
China,2022,,1026.0411831876384,8872.315054157794,44016.417325510185,27.718586457133437
India,2022,,4729.244556260638,5760.434206244908,31040.393385757703,158.532894413211
India,2020,,3324.6862388213804,9451.609286616065,24737.69386353157,138.925159256313
India,2022,,2007.0752659568875,8189.0491219629885,37636.59471868114,186.46683966104436
Germany,2020,,1126.7243269852427,9981.406994800038,26900.10236411163,52.944945914280886
Brazil,2020,,4073.113351716332,4156.406339065392,44304.04571367473,469.10933328522077
India,2022,,3290.3274016783107,7904.694600380142,45531.58388050663,281.36309794906435
Germany,2020,,2900.574913893447,4617.378222483179,23977.441709305494,159.70691222243153
China,2022,,4522.516623729309,5318.88058273518,17457.250875577323,204.52094336639888
Brazil,2021,,4048.6874505103883,6647.549168965331,31655.7647867013,229.12924484736948
China,2020,,1182.5369587973803,8863.094027677049,46056.35055275109,304.29122334670245
Brazil,2021,104.39733927508826,1902.7493050799671,9856.751222793657,14479.798505254996,262.68291957128395
Germany,2022,116.98583430450503,1618.2011291650958,7914.460724780663,33033.496260356726,460.5020668750645
USA,2021,95.83793946263076,3847.7583165770466,4759.901039506004,33420.20990416342,253.51210662385682
Brazil,2021,145.08243130169046,650.8959563110072,4792.213020493631,37990.08600868764,496.1574272634232
China,2022,68.73317533808154,3064.5035819209243,7638.240714300024,10920.54583072669,427.1982292950969
Germany,2021,57.1425712166419,3931.0640858331076,3148.994311914721,37212.12341069398,112.17015203509455
Brazil,2021,132.91788666462983,4445.445365427873,1994.267018182552,45906.463429953845,465.991655175519
USA,2022,49.06745900752884,2039.3678692215835,4191.599418766989,13085.73989916089,67.01953496388329
USA,2021,145.21893012727946,4195.657871024057,3585.1509248867355,15689.449621574493,410.55035716068386
India,2022,21.580081709676126,997.8428162984326,3666.7730841039106,48712.779231873785,196.50541380352425
India,2021,146.08424747199308,4309.035312805332,3102.4697594491895,13143.96287192704,440.2074170180841
China,2022,25.610788553574896,1073.6989804939208,1378.838706727257,43447.32920163106,435.3477781526507
Brazil,2022,135.84860478074924,2287.792807521653,1160.8654126007243,27152.503540161564,404.90344605763437
Brazil,2021,88.60114418121898,4087.8291460079913,9889.501507624283,16125.398348142968,397.1149137904601
India,2021,149.08542349550905,1174.6284230694819,4849.958203622761,44183.74555726301,159.29277815804
Brazil,2021,29.593553415601853,1531.6312785468867,4458.939824437135,25038.736475119946,49.65044869511357
Brazil,2020,92.0010569721717,3750.1365577687984,7116.8255442376285,28166.780926836058,207.46028759492913
USA,2020,146.00932963048285,3740.1644144573347,2964.2849907855775,21165.501622989454,95.02701234338925
India,2020,88.00271974211935,3385.164347983838,9549.650655552028,31682.788314571735,350.52603356220624
Germany,2022,101.82182295758413,3622.7680001019503,8077.105129739968,12358.574266326024,179.5888660035149
India,2021,110.44732956800023,2942.259995064183,1804.6990208103357,22598.66914932923,488.0489984213583
Germany,2022,79.09033841981052,1633.0957650812875,4758.226982064355,48623.55450508794,324.0763178992127
USA,2020,101.58255041092825,2055.6319707676375,8912.064768059481,16616.00447155074,413.01547618083686
China,2021,95.96086055000303,1317.1897256064155,9502.588200622693,34553.14990435815,74.93708964350573
Brazil,2022,137.15054136382855,4588.027526001328,5206.613601248828,19633.55289011127,432.38709631358506
USA,2021,25.908029444389523,3125.263076447542,6520.702502896369,39806.29065589703,462.1510233515632
Brazil,2022,56.525214646989944,2303.8313754363794,2503.305514828677,10889.314732325744,248.6603402212786
China,2021,143.55349292995265,2579.026116398597,9920.517635232789,48641.94702853451,307.06393949797894
China,2020,135.73429190581913,4762.775028253169,3085.0453124509904,25420.529362263766,384.75680244246774
USA,2020,79.23537786214268,1190.0813140223609,9484.585967216131,15622.270850590878,95.67092735760215
China,2021,100.61723771419977,3138.0342440755876,6846.819840931316,8307.35362985057,256.2573774670868
Germany,2022,56.05955378754725,2776.499054980097,6469.631153909732,12639.105728939332,205.34488360843343
China,2020,44.455750764088975,3251.5440594559154,5614.196599148578,28389.827685020795,81.72325615950207
Brazil,2020,80.28079264219768,581.4958271937822,3076.028305459828,20165.142939407884,190.09186692285041
Brazil,2020,65.93578964338687,4424.557590248682,2588.7522880495744,42299.751464717425,43.40443159889185
Brazil,2021,95.87529454061337,4694.532271176256,2984.3758816315785,24389.938564781267,22.647834405248624
Brazil,2021,30.10550280544803,3043.0993261514404,2677.9443592982907,16192.142266443345,76.23148168586316
Germany,2022,146.67132499660164,3634.9287074460153,8016.26026210078,32771.52439718135,481.9264046786952
India,2022,148.20739678234838,4651.247215297831,4151.127332500571,36804.97475984506,279.2694725885583
USA,2022,110.76102282256687,3682.5738544102937,1520.5840890705672,12516.885855542743,483.2528589650778
Brazil,2021,89.69252762473565,1186.425693114176,9721.923671267303,12542.864732974294,221.92396038176466
China,2021,60.23859011722261,3093.2976207506595,8954.072964670831,6650.214212009434,162.78990521177718
Brazil,2022,125.79335256190333,3230.2177087228515,9349.770548756916,38138.09067795382,258.0095127917196
China,2022,109.01505243200431,2408.588020860737,9954.170403817918,34871.20374298123,225.36072743012596
China,2021,41.14020211483587,3813.999060311253,2565.0572429753856,26358.389408741627,61.77569528825452
Brazil,2022,138.42053398419952,4704.651566460567,4566.178170123929,42987.670203613874,324.00489419820104
Germany,2020,126.92984158001197,4665.058308080494,7824.146281336822,41255.156882752395,115.85870942970381
China,2021,143.47398872795014,2528.777171318595,7264.18556248413,31340.946397853848,313.5980978999365
China,2022,114.3435360904868,1009.5712062833986,2385.0631570586957,44072.20762309664,328.5985352750952
Brazil,2021,99.74397547165267,4931.785395330506,8342.49812491556,14262.854451654572,84.49217803303758
China,2020,74.37159471778045,4275.041389006703,3019.9651465299457,10036.382872897753,40.0613172842274
China,2021,141.25470283602172,1060.9820654147009,3014.358533403608,17138.732518264533,392.5731771735355
Brazil,2021,132.58830563505308,4643.788471778175,5832.769806040722,7568.908524019169,235.30220764696688
Brazil,2021,25.878427113804623,4414.533629279577,6336.459413575329,28902.628760046442,38.50025979768314
USA,2021,23.42770668464276,2834.7712570673243,6220.7758705403,47147.256153273265,497.4844954131859
Germany,2020,68.94023769414645,3160.7394608521818,1823.3815365797939,6770.459330082934,38.312474888219654
Germany,2021,125.37193300163828,2295.512167415586,8897.147763673423,10494.946130451206,350.56726214069107
China,2021,148.34589681094278,746.427374699141,3390.4003832983544,25348.95627275459,492.0026733790727
Germany,2022,39.554195843458665,2008.387587406554,2165.634291545238,47024.37578875572,127.19825106580355
China,2021,97.23699299577757,4112.840518691051,8998.732718820795,19227.02472395377,79.70219065672613
USA,2022,69.51581136203279,520.8441035207129,9600.86348406778,27825.56639097766,69.47862031699016
Brazil,2020,146.08887171589842,2000.7462726101487,8759.148555389056,6870.778657267644,158.6048223081218
Brazil,2020,129.47546000764214,2291.759121159245,8285.644672523904,11675.444043294,59.51244739521688
Brazil,2020,128.98273161244794,2918.280213220653,6897.177825751195,49398.35553314811,349.1590574301246
Germany,2020,80.93011077334614,4639.3502738574225,5957.716335482254,48430.34133962205,40.52298108373072
USA,2022,73.92653530389647,2058.5569746468254,1782.8808392026913,5222.299142048432,259.6168427933969
Germany,2021,55.54291935099181,2061.2894085330245,4676.078917636289,47831.53034404575,498.3814583879586
Germany,2020,27.328814564620526,3818.755616493868,4354.196653110826,33760.39720169752,408.8454320579492
USA,2021,132.41390891315692,2534.9807340041325,3337.784053842936,44056.323253400995,311.4575247331953
USA,2022,125.67713118691009,1510.7217032299188,7510.781023197264,25463.29350352366,160.06427418543973
USA,2022,149.96329752719697,2535.9778225971204,5462.881615708938,28201.82128606626,315.70895978290287
USA,2022,149.5627888196077,1133.8565917090993,1729.4159431688313,26998.096111561408,268.2503173167093
Brazil,2020,92.20612172834157,1293.741439278005,2981.648817548302,35008.89158957469,218.78085810628204
India,2021,119.96836397346637,2742.654977327659,7149.328872936363,11284.306464034082,74.04808460269774
India,2021,142.81954488471564,2385.1645227704657,1685.1777354127016,6348.8115442705075,444.4360654678287
USA,2021,130.4541607880635,4616.806554806451,8660.862226438918,18856.84737160359,230.39447792244803
India,2022,52.1552532266157,2130.772546024849,5456.318743125769,36710.634323149105,105.36503079217488
India,2020,78.57073759031215,3112.6475762511955,5325.279195939832,14083.405345532676,190.20208192987192
USA,2022,36.79072396969435,3345.1892956378865,6331.670061935659,35304.45949962128,212.92357873917425
India,2022,144.02663354363392,558.9250546475014,8422.128693326344,48646.04207482717,415.4935688277684
Germany,2021,98.8027024786144,3485.918174075198,4130.282871119738,9225.532210523827,369.471046475087
China,2022,49.72356471545015,1301.1618509138814,7102.145373031572,35267.095320130684,386.95939788425653
China,2021,107.32108897276137,4824.816428612548,6091.58767596212,24968.759868705703,15.405319570037134
USA,2020,100.35667125952645,1168.9822748890083,3403.254431524792,44066.401446987744,213.91545910808313
Brazil,2021,66.56115334426926,2365.808556771607,8907.669877196422,12971.740525132365,245.85863430130857
USA,2020,34.762486985951774,884.0735063538973,8176.834194462353,36168.1678501774,19.404215643297775
Brazil,2021,107.30451542706395,4985.934133306763,6926.066511925829,42715.18803416496,137.30847228506678
China,2022,87.64000111749313,2759.8775464905916,8655.235561848178,47507.63987633104,382.54201332984616
USA,2022,120.40139092563311,3179.232577940197,8805.647808638221,35746.16127303406,77.18375580720954
Germany,2020,87.62125514455914,801.8441482479236,7375.266790435313,27372.86438037923,272.3019644117699
India,2020,130.7835950414102,3874.8221167963,8533.119955273049,32803.12580905462,115.44891728844638
Brazil,2020,91.74788904068312,1444.575168930136,7277.243155023552,44100.72430154232,15.939179575507705
India,2021,92.92193629960022,4541.244302483212,7121.2669458427035,30677.438598747336,128.18871422377532
India,2021,133.96496834558485,1423.1283821690322,6567.502403936659,6367.417686357659,488.17813990592634
USA,2020,72.45277260761162,1358.0947429864996,7774.449756018771,46892.691297814,402.7531848226649
India,2022,37.4219796985833,664.473505316427,2427.4459476376633,36028.70379642025,480.1925557173064
Germany,2021,23.741747920734067,2624.3012529949965,8927.836832790355,35443.102359976096,249.0484815239176
India,2021,118.16784323757047,3041.7850996817738,8846.591749707088,14705.381857897273,63.77073735197672
USA,2021,100.6402416759504,795.6888774275856,1263.2255473110322,34649.84616046958,278.50014959710956
Germany,2020,111.53036985289907,3989.8742751275477,8432.350755082865,22723.898254437132,232.64489393438083
China,2020,47.685340996158395,2539.7997563661243,2159.8288072610067,34305.48396686715,423.7349705424118
India,2020,37.72829182628007,2859.75621197411,4016.069688332277,9796.686363859582,58.06046458427985
USA,2020,21.890806536824652,2483.432361222027,7691.5743066244695,34603.03870713662,249.23815714067132
China,2020,65.5763826448576,2303.4337739389666,2446.8390644347737,49973.61765967999,83.52384570005229
China,2022,96.6892992911023,3018.3814908869804,8361.703217071561,7169.5417487250215,169.0912041761294
Brazil,2022,70.99172586296521,1198.5811066882063,8489.207601619677,48972.838289959276,371.30496792002185
Germany,2020,76.87173986308477,1318.67658722872,5567.209603847526,23310.85823252918,243.2488833906956
India,2021,137.54063028418727,4378.035294560828,1057.4728454515023,44183.90526517666,194.18525972142697
USA,2020,65.27321071302904,4757.519579601348,3583.343198574215,40207.346782622306,203.2933764993173
Brazil,2022,86.8186335907754,2179.8919232588883,6552.34226538168,30515.73174440005,235.12891651893347
Germany,2022,121.8748916563486,1718.351029145992,9830.67560224681,38230.2144163097,394.65810648015787
Brazil,2021,71.55056170176512,3397.9979445755707,6686.321743150015,44533.20025856065,447.12149758071484
Germany,2022,100.87127102962356,2339.3037699414335,3338.2322295774384,23186.314474296483,478.11399638692484
Germany,2020,132.10728213707688,614.2386004715519,6706.051327896502,19716.49227034574,395.5826592650946
India,2021,143.43768107549346,1202.6866881478568,5859.868417442699,35041.702350361316,164.54937891652622
Germany,2020,39.11955252077493,3721.875029813289,8018.608556360292,41353.067387356634,347.1860059824057
Brazil,2020,140.4563912709943,3465.157738595681,1962.8257494426257,39302.831064947706,224.42553078714204
Germany,2021,83.97511810033996,621.9319662656757,7849.2511225182525,40901.61419863855,134.7886048025651
India,2020,53.571770478864586,1498.8747286982725,5871.399208084992,24601.249166581983,422.02707391870206
India,2022,79.68764831097397,1539.8365846463212,9666.928034730952,41802.53972787597,28.82891099153925
Brazil,2020,147.40423478711202,3523.5173461942777,4076.8494943481746,10409.407491677379,451.8633761463575
China,2021,84.04035221907304,588.6974198946386,6693.597038205533,29502.00940823823,236.12395766611974
China,2021,62.73770933737607,968.4886189305823,9388.252949590158,5259.139722415471,322.2287236360574
Germany,2021,102.34211106117435,4099.622384179353,1922.5875519161132,19606.362345512163,333.0834218808335
USA,2020,51.2189304411651,1303.4509792445012,9435.05638512806,21490.769069212904,448.6076929462028
Germany,2021,29.86223265412631,3437.357485333436,7190.97150070732,22827.771122416492,321.96814426193157
Brazil,2021,36.7543638483844,1571.8225147102694,1610.533531946547,36296.0243010438,310.8274565324303
Brazil,2020,36.64595906451042,947.4862674170532,3708.6721025213465,22485.114557165558,42.65949987473808
Brazil,2022,39.747350156598266,1594.2748594975433,7373.548797807534,25191.21301801388,264.01993075315
Brazil,2020,38.04753244442332,3750.2011933504664,1606.1554132189453,15689.485889344736,83.58281040035041
Brazil,2021,103.3137168244179,4350.634106478286,6239.53414158646,21796.330623320304,371.3425466735279
India,2021,43.64441097188883,4235.989390551462,4112.947512576611,15227.133226841815,260.9887411982105
China,2020,64.93674683210222,2287.325883283047,6588.239659907294,8293.816569579963,343.31161181209313
Brazil,2022,136.58249328778152,3506.383114567908,1411.6783043126156,32155.186702162006,30.41972129516829
USA,2021,81.6150132341734,1422.4293293711944,8843.831255371388,35069.57593497573,51.54808786244358
USA,2021,106.78250600773353,1819.1647861745596,9761.400722596572,32877.06557043265,360.9984601507143
USA,2021,42.40158325621188,4533.511183345039,9719.900697571224,25857.231971025754,45.321324639349946
USA,2020,44.997572445127204,558.5086557983121,7746.866485686322,22090.360108065343,44.91579660497671
India,2021,25.312920114642253,884.7883888451063,2170.776161175688,43850.01423073214,15.93315286509485
USA,2022,41.961558199381386,1435.4881481571229,7824.3687633612035,28358.680331129814,478.68568516674526
Brazil,2021,56.21674407415462,619.3949174321888,1221.2822481292137,26563.184493337892,371.3790961349134
Germany,2021,43.011362955977084,1316.459457904088,1199.1119637609754,6153.892961289606,183.09319016601142
USA,2022,31.53132938841723,3123.687024363615,3912.491972345871,20356.152243177035,155.30243483095106
India,2021,35.6826632430781,2396.4104776662407,5397.788713641991,22108.802845363567,181.35458257546628
India,2020,79.90123984425435,4517.022699846387,7933.666760270139,22947.02514036052,389.5802302787791
USA,2020,46.82338339275303,4178.496027822985,7149.6583894585465,31107.75661522995,334.07159942450306
Germany,2020,67.3550819362498,2038.178082640442,5013.124357390735,29012.11460270953,100.7458282550593
USA,2022,85.44424521113139,1667.4054504408161,3462.639996534993,32355.729175705008,95.31357431370132
India,2021,109.75132772181749,2208.6158367527014,9974.1205014194,39419.74676939577,58.213868359564685
China,2020,25.110578179342863,3156.3272413166346,4835.631720123756,41584.3582422242,333.5483326536557
Brazil,2022,123.92335185817555,1706.286383702943,5062.48321896708,37315.538430192246,384.5426044886506
India,2021,101.62705063381802,3308.670085321103,2472.6143907250225,47998.56631797206,139.87274987925198
USA,2022,30.628674153353348,2342.352434860582,8153.2859387493645,5820.466220436273,20.26303090514728
Brazil,2020,133.56522113388104,2984.212313833911,7243.140032033398,13810.009355759574,50.2641170634494
USA,2020,139.7134120691357,2462.569381108925,2986.9265150988435,5340.329374016395,484.25141707406493
USA,2020,27.940134781132286,1825.0959179386296,1741.4294105425843,34136.362136957134,154.76794096393593
China,2022,55.99409425913648,4768.039881329705,7124.493718672418,45411.37470274941,386.91934244068545
Brazil,2022,124.80616637309797,3936.2260737189235,6890.600928530217,15956.703345933467,316.0851487385892
Brazil,2020,117.27375974987558,1130.5092909490363,3459.335742983884,46716.5545158338,197.150423429919
China,2022,43.987732516329054,4408.105891540607,9557.772060253694,7712.032563030238,110.786758475822
India,2020,47.21541203377234,2693.4403921228113,2359.521026028102,47049.62120624814,69.47934489810915
USA,2020,68.16137336287966,4525.485021023411,4891.013209383417,20823.02092578355,311.35635433904463
Germany,2021,82.98798807483277,4099.348651762919,9492.54328150839,9563.937280214745,389.5705525125161
USA,2022,100.37312029893847,2413.4607701115506,4777.545852335101,26864.229163384654,325.51308423515405
USA,2020,67.95877314407042,601.1118874405283,6746.73352897677,16554.94554742286,269.8480452920876
India,2020,80.12951309730923,1709.0481172322573,4578.349581665148,17819.28058828653,30.556099481501768
USA,2022,117.17122195738835,2937.3539659739013,3467.93682113803,18828.048421682895,484.5595010212481
China,2021,24.768816375777725,3350.6519892176625,9855.798831638454,41136.16540246985,401.3699539107416
China,2021,52.816802764722695,1660.4945844494102,4684.006056835387,29262.257450386453,153.48279798347272
Brazil,2020,112.73544616499181,1127.1023333277085,9046.89283311221,19008.846462020163,490.1854613858368
Germany,2022,136.3768888993359,4257.186065596847,3069.5914530197756,32465.020248991328,304.9219789217978
USA,2021,86.5180674750366,4929.809813165984,2917.9423362257494,37226.78034004371,295.3871025215508
USA,2022,89.17475308449103,2865.6058203620864,1280.2067459606023,17268.08003300902,376.5558579204707
India,2022,33.93236147417089,1272.5567863173658,6865.001428382965,23609.709568640817,407.7671961641674
China,2020,78.16360768704911,1725.3829693371604,4316.73709351385,10484.87420016264,331.6745175924363
Germany,2021,89.240244639153,582.7580444636003,8779.224248556733,13151.720729060613,72.766915719438
Brazil,2020,51.52116547251485,4614.344629522246,5258.889160224015,35650.30342842423,175.75107793730422
China,2021,55.00162002341953,1029.879873005635,9713.740851232496,13164.725646303214,464.7609837597644
Brazil,2021,69.04694120360094,3094.324139814141,2669.72964132809,28632.352265017707,120.06164980348744
India,2021,22.609255711104428,1733.248493092427,8817.608511600498,36907.08177750947,192.36184168038153
India,2021,61.87029152581318,2993.8010113210703,7989.371675125675,9809.461539263473,221.71767264265603
USA,2021,47.488240909550804,3431.391747583389,7938.296601796468,30529.04988330066,225.30844495028157
Germany,2022,62.574655783128904,4233.838116682407,8603.04905305199,16545.32526656137,310.3403954223175
Brazil,2020,35.569077136502656,1428.8957229227144,7849.21591848699,48331.709385691094,472.10716049490674
China,2022,135.76854649618633,549.4812289631622,6635.982894682738,26759.554102396614,127.93942879792743
India,2021,97.16701896202633,1115.9853353096328,2181.2038991414884,41269.664739882115,69.53567438744986
USA,2020,108.28330148878365,4550.083888316472,1292.7356154212673,29760.19439703178,106.76054003136929
USA,2021,122.59226101895398,4432.5053490313185,9287.630630341182,6953.563978466862,444.5932011025421
Brazil,2020,84.79748586077744,3188.358959766387,6549.852830686642,33491.81190173101,326.44729820105096
India,2022,31.29963745136508,3202.32587195144,8168.835618785587,47813.150399299564,150.09432672718847
Germany,2020,89.8238504364112,3492.6650354581498,5333.701163612951,32072.531906584903,409.81400009462243
India,2020,96.28934534271428,1289.1707538055232,2055.7737006615503,41863.49867420556,432.07129821808365
Brazil,2020,116.9071316439629,4614.853756662319,2126.672129822954,44789.29085067835,424.79202595823625
Brazil,2020,76.11574100985831,2384.467362014329,7170.087585060743,15263.589737701961,460.2740014833817
India,2020,36.58543936342329,2224.1233771227385,4872.753054095165,14542.017795870199,133.59809988494717
Brazil,2021,56.89086775383418,2835.129673772769,2804.7225403030307,32494.144498294627,379.97054508567635
India,2020,67.20069853182255,711.3468504877477,5424.350920672932,23496.28114130171,235.66435366432862
China,2020,103.96924137310816,1248.2751594023573,1577.8804336762068,42793.75862900241,422.57929091613016
India,2022,94.20117960695855,3821.151273918667,6237.742617229589,45501.040552910505,366.9604318091905
India,2020,66.29257436672,872.5940056630691,3420.940639915879,20903.962068622313,390.45924878486505
Brazil,2022,148.24698234308735,3214.184492598747,8178.031905734693,15659.175153851693,331.519300463725
Brazil,2021,98.75072651639533,1604.0709935659443,3793.257630312164,40123.64818597378,96.94009704015636
USA,2020,50.83948292567928,2251.8302631888946,5096.981341736211,17366.271599666125,277.0631902594998
USA,2022,33.231721440652485,1799.1218154681494,1104.5848591729057,42017.644333115524,492.48817236700904
China,2022,39.871688093963165,2100.5272240922714,1652.02199015103,24068.221414194326,469.32015258358825
USA,2021,51.97450468998606,3735.7065733291047,4532.442007660164,35039.745468116176,31.15513054053572
India,2020,40.88857852374224,1837.0477203042876,5319.449512454112,9299.089122560068,90.75925970742419
Brazil,2020,44.25371312666975,3048.8208813360375,6400.184933073733,33073.66961044578,74.54709899273533
USA,2022,57.06237193020012,2642.2268098959485,3624.963208383729,25329.54554317531,365.7301558927948
USA,2020,42.53856738831813,3486.5202441319166,7254.836975138883,31397.380842896335,410.71481162990307
China,2022,136.57950520143527,4715.733826961411,8741.101574702841,12560.639348518853,114.62056949222924
China,2020,30.430386936013488,3796.5744374461265,8018.658900040148,38159.318522488196,257.8678195463962
India,2022,88.18648064413311,1467.2317036584054,1356.5694281352144,43825.86848944528,421.944483725488
Brazil,2020,73.351587508656,640.324107775781,5324.562525320461,14753.291004084904,369.0727569354628
China,2021,147.70922019811883,1680.188199349213,1944.3716057635738,9307.154998407277,275.69623069100567
USA,2020,34.565057281846805,3177.8506881511466,3178.4051427627473,6063.736372085138,299.2703683247987
Brazil,2020,71.72122787594641,731.4161606791265,9879.963339404318,33888.71751994697,259.0966679889772
Brazil,2021,146.03115632579795,2733.6481124055636,2282.459886113619,32319.231623995136,155.79874114622208
USA,2020,132.51592636621743,3185.7928201260015,5489.993381062204,29601.383572133152,286.8607765009179
China,2021,126.21936922340639,2004.0975086763237,6563.4016088630715,15437.619325218893,347.55379800454443
USA,2020,53.52736751584218,3969.1049168561985,7322.184734896936,22590.76981574816,437.9282287717958
Brazil,2022,42.21538636070856,979.6921391019731,6036.838151382227,31751.435083377786,321.7827634498316
Germany,2022,106.92361859017603,838.1200178111394,1087.937626772653,27354.50864866262,382.9495531511474
Germany,2020,140.81887858658615,3776.8494029162152,3938.151774195927,49450.34840966993,88.43510112774077
India,2020,92.37917609181088,2729.710922927893,5659.404790462403,11139.788865052991,236.16316246569704
USA,2020,94.30964963108698,3597.8107839248123,1790.7984923035,36281.50493214172,14.572493715275716
USA,2022,56.39728217583694,2456.723023716858,4155.642380882627,23194.344564693147,130.87264361559528
India,2020,120.03408131495179,1608.8091495759807,1298.827979122299,24268.982671652666,365.9662404053724
India,2022,44.31568731247803,4185.960429533899,1707.2064743951867,37291.89945461793,495.9868761611881
India,2021,62.078300732551675,4097.371455360407,4572.309485814365,36159.62680959664,58.597268797735794
Brazil,2022,75.30673702013418,3626.1341188449205,2194.4417863875433,49606.51971659847,206.73221477203126
USA,2022,85.98934922897915,1724.653117534832,6107.867634354024,10777.743025435637,402.0347746625882
Brazil,2021,51.51326521396043,3156.038000910892,7205.184722235392,9684.934222287484,109.97746096816043
India,2022,34.92878721609646,2124.3825362301204,8205.280291981746,37595.246770793354,281.99162515812026
USA,2020,99.38060551741223,912.1193299698537,2801.3521982032908,31027.41126528841,369.20493505454067
Brazil,2020,57.52197192123325,4627.911089580092,2507.343240331628,17337.229995191265,311.83287062748775
Brazil,2022,95.56096878493959,1115.6838391353263,1941.1105630096022,8573.871604504397,102.13211996155391
India,2020,40.0671529856463,4776.068092193611,6727.8722458927305,8854.621231839374,184.1384386560123
USA,2022,82.54821324112626,2507.025978310801,7358.281538382111,45238.58935988532,394.05797439784465
India,2020,89.23662623170617,1333.0981797737884,1284.2753034307784,13634.029612343431,281.57099192468814
USA,2020,26.7370597869155,2938.5542632026118,9425.910216193208,19551.720295198436,12.562510636027241
Germany,2022,63.758556165209676,4428.2562614438375,1467.7415528632516,15199.53810021446,382.88547241376597
China,2020,37.47390800206665,3795.0119888430254,5871.667017709634,20974.833762437178,27.302563920717144
China,2022,28.238746161459808,4129.525165376524,7381.544675058248,8124.072923574202,375.4095535383037
China,2020,148.69483021069288,3464.525150198228,8838.722113714772,28357.690590872167,109.21547448096634
India,2020,61.90599984671399,3615.244540330336,7426.782389191851,8042.565361649671,479.4560052584963
Germany,2021,125.28367796110253,4321.380432043937,8215.552747628128,41016.04285200627,190.29096813802138
USA,2021,53.1032851192893,1623.5060398663368,4055.0517328852548,15517.043685969486,170.19649200565877
Brazil,2022,108.59535388911081,2702.412336394132,8333.42602371861,29300.536157202976,82.9551446628979
USA,2021,118.82962178565926,1495.44248818821,1721.0336174620763,44603.55894026562,159.7460655902053
Brazil,2022,97.43303627901976,4944.506035984911,9053.34990454475,34289.48160712374,439.5588732958183
USA,2021,81.30490451152059,4748.267028589759,5928.331385383626,28983.100394810088,498.2038254373512
Germany,2020,73.53931883914491,677.4206511582765,8355.679929662443,19595.018890191903,190.4716699483557
Brazil,2022,65.3528746505894,3675.088276320598,5070.8645606647015,19985.086087618907,229.81920916772586
India,2022,140.83878875221734,4663.617428370496,6792.199256768725,35126.912983918555,363.81475971934117
USA,2020,127.98052301240479,1312.5890530730007,5737.623948425019,49736.27125495254,444.2359324278865
USA,2022,145.45349838664663,3055.7535374868326,7584.305695797987,34782.76354322204,300.5917237515242
Brazil,2022,36.158639053120815,4619.697339146188,1734.6698382753061,30100.25378165112,201.84759210713636
India,2021,115.01277177647376,652.7569036360948,1543.1687559150741,37879.27296076607,212.18470201582562
India,2022,141.98425938673492,3638.3912026107796,3223.929106091318,25934.252552767317,350.8528917834354
Germany,2020,43.56029860153582,1838.0705331764784,2435.9021210186947,7706.405417035335,11.576949166096554
India,2021,28.644514757681073,4659.782879194387,8846.052099329816,30303.356714505942,313.59877535532195
India,2021,116.34568440770768,4869.762103244155,2972.9258862223987,48093.13780274211,184.1915751162651
India,2020,94.68150471338855,4749.199201010452,9782.787302372182,12888.632406094683,399.1566923257713
China,2020,129.43774097857536,2633.963974958587,4032.062125939962,36050.220086929956,55.56541351333476
Germany,2021,38.170408961417635,4379.19192945191,2639.061241198294,14042.01598965754,298.21911080471136
USA,2022,123.38475054178572,4300.472293407816,8107.286564282313,29112.245801288656,245.67671604420065
Brazil,2021,46.21155160620679,1935.9521295946504,6928.369979507885,9350.440234102383,324.73950769356145
USA,2020,41.27527257254158,4230.119633678049,5483.76144807825,25266.692131618332,41.77826129665449
Germany,2021,41.354553731029085,666.5343562197168,5998.271958438681,39027.34980028607,294.1920558397843
Brazil,2020,125.89471363007968,3183.214453169239,7472.816004450375,20640.718590754193,285.12744810016665
Germany,2021,106.47563869050602,1535.0397677946637,3056.0926719816885,34921.02760192481,284.72344626392373
India,2022,87.99850521998552,1042.5509859977547,9967.005244510678,40795.248235537816,305.70895663226287
Brazil,2021,66.64796293605532,846.2894073314412,9773.138459321048,46723.00187657537,341.4692892409175
India,2021,134.03607030570407,3633.299491451629,6852.931177122432,15558.89368349541,404.44460984357715
USA,2020,71.01786396494259,2029.4373369562977,2795.8820583623065,22969.216211418865,142.21215286282504
USA,2020,126.15792713130502,3761.4504718794265,7122.054181881622,11858.720599868784,414.27421098823044
Brazil,2020,77.08753811412839,794.1035335952406,1649.7856808125825,49661.75759712688,254.1452843090923
Brazil,2021,69.00277582523799,1918.8065202377466,1275.8725198522545,46715.043556593286,47.75855677582227
Germany,2022,80.14837213704884,2927.7108156890176,3319.1459966009234,29298.07086262518,38.689955329549804
Germany,2020,59.17912364133847,4058.254241775336,5163.6066106538465,42891.49824693896,173.7767761610698
India,2020,117.18921942291264,1934.3862631943146,8814.452548675425,28443.1089772419,394.5995187846191
Brazil,2021,85.35365071202229,3316.5111939665408,7544.521627896772,33061.35596012419,356.7636580230487
USA,2020,50.18765036908625,4486.8998670628425,7684.35869079983,9010.599445220749,396.42133268947913
